data/metrics/CGND-HRA-01288-2	100554238
data/metrics/CGND-HRA-00257-2	105562000
data/metrics/CGND-HRA-00278-2	88225478
data/metrics/CGND-HRA-00591-2	82331600
data/metrics/CGND-HRA-01288-2	100554238
data/metrics/CGND-HRA-01351-2	94427296
data/metrics/CGND-HRA-01368-2	104484606
data/metrics/CGND-HRA-00440	60096839
data/metrics/CGND-HRA-00441	86694474
data/metrics/CGND-HRA-00442	59769062
data/metrics/CGND-HRA-00443	84840138
data/metrics/CGND-HRA-00444	62662924
data/metrics/CGND-HRA-00445	75251346
data/metrics/CGND-HRA-00446	60478147
data/metrics/CGND-HRA-00447	64133194
data/metrics/CGND-HRA-00448	61665489
data/metrics/CGND-HRA-00449	61123507
data/metrics/CGND-HRA-00450	71331186
data/metrics/CGND-HRA-00451	71432490
data/metrics/CGND-HRA-00452	65371130
data/metrics/CGND-HRA-00453	82540066
data/metrics/CGND-HRA-00454	87326121
data/metrics/CGND-HRA-00455	75790436
data/metrics/CGND-HRA-00456	77509888
data/metrics/CGND-HRA-00457	93081766
data/metrics/CGND-HRA-00458	41097180
data/metrics/CGND-HRA-00459	46522973
data/metrics/CGND-HRA-00013	101483464
data/metrics/CGND-HRA-00015	79373468
data/metrics/CGND-HRA-00017	89988872
data/metrics/CGND-HRA-00018	49904102
data/metrics/CGND-HRA-00019	79040144
data/metrics/CGND-HRA-00022	85938629
data/metrics/CGND-HRA-00027	89008447
data/metrics/CGND-HRA-00028	90863668
data/metrics/CGND-HRA-00029	95928213
data/metrics/CGND-HRA-00031	56579706
data/metrics/CGND-HRA-00032	84907885
data/metrics/CGND-HRA-00034	113882856
data/metrics/CGND-HRA-00036	93202512
data/metrics/CGND-HRA-00041	111403174
data/metrics/CGND-HRA-00042	70406858
data/metrics/CGND-HRA-00043	86225796
data/metrics/CGND-HRA-00045	68380527
data/metrics/CGND-HRA-00046	123240857
data/metrics/CGND-HRA-00047	125205449
data/metrics/CGND-HRA-00048	103763964
data/metrics/CGND-HRA-00050	74202833
data/metrics/CGND-HRA-00055	118007193
data/metrics/CGND-HRA-00056	85612819
data/metrics/CGND-HRA-00057	78128509
data/metrics/CGND-HRA-00059	79131560
data/metrics/CGND-HRA-00060	97928884
data/metrics/CGND-HRA-00061	96441148
data/metrics/CGND-HRA-00062	112572817
data/metrics/CGND-HRA-00064	92063558
data/metrics/CGND-HRA-00069	88076402
data/metrics/CGND-HRA-00070	52948661
data/metrics/CGND-HRA-00071	219704667
data/metrics/CGND-HRA-00073	100701791
data/metrics/CGND-HRA-00074	115641509
data/metrics/CGND-HRA-00075	132388850
data/metrics/CGND-HRA-00076	86283250
data/metrics/CGND-HRA-00078	60719734
data/metrics/CGND-HRA-00083	97922544
data/metrics/CGND-HRA-00085	120558329
data/metrics/CGND-HRA-00087	61716852
data/metrics/CGND-HRA-00088	89988331
data/metrics/CGND-HRA-00090	81878820
data/metrics/CGND-HRA-00092	92506391
data/metrics/CGND-HRA-00099	85821644
data/metrics/CGND-HRA-00101	74791348
data/metrics/CGND-HRA-00108	96755260
data/metrics/CGND-HRA-00110	72550848
data/metrics/CGND-HRA-00111	92808010
data/metrics/CGND-HRA-00203	77849559
data/metrics/CGND-HRA-00204	75038528
data/metrics/CGND-HRA-00205	68323452
data/metrics/CGND-HRA-00206	70994214
data/metrics/CGND-HRA-00207	35401009
data/metrics/CGND-HRA-00208	85578336
data/metrics/CGND-HRA-00209	41500289
data/metrics/CGND-HRA-00210	81737279
data/metrics/CGND-HRA-00211	92820859
data/metrics/CGND-HRA-00212	88064237
data/metrics/CGND-HRA-00213	121124587
data/metrics/CGND-HRA-00214	76606532
data/metrics/CGND-HRA-00215	64702828
data/metrics/CGND-HRA-00216	94988808
data/metrics/CGND-HRA-00217	60966801
data/metrics/CGND-HRA-00218	109710526
data/metrics/CGND-HRA-00219	59159367
data/metrics/CGND-HRA-00220	119010470
data/metrics/CGND-HRA-00221	74552295
data/metrics/CGND-HRA-00222	82122585
data/metrics/CGND-HRA-00223	117519828
data/metrics/CGND-HRA-00224	89984464
data/metrics/CGND-HRA-00225	85641977
data/metrics/CGND-HRA-00226	99442349
data/metrics/CGND-HRA-00227	83269221
data/metrics/CGND-HRA-00228	40170293
data/metrics/CGND-HRA-00229	88039423
data/metrics/CGND-HRA-00230	99581861
data/metrics/CGND-HRA-00231	130620324
data/metrics/CGND-HRA-00232	75194616
data/metrics/CGND-HRA-00233	81943308
data/metrics/CGND-HRA-00234	90697658
data/metrics/CGND-HRA-00235	109085225
data/metrics/CGND-HRA-00236	124920738
data/metrics/CGND-HRA-00237	82147479
data/metrics/CGND-HRA-00238	80020741
data/metrics/CGND-HRA-00684	116496617
data/metrics/CGND-HRA-00685	118037191
data/metrics/CGND-HRA-00686	95422043
data/metrics/CGND-HRA-00687	76550815
data/metrics/CGND-HRA-00688	81064020
data/metrics/CGND-HRA-00689	77408168
data/metrics/CGND-HRA-00690	86455905
data/metrics/CGND-HRA-00691	87357766
data/metrics/CGND-HRA-00692	69403392
data/metrics/CGND-HRA-00693	87861366
data/metrics/CGND-HRA-00694	80182950
data/metrics/CGND-HRA-00695	74689045
data/metrics/CGND-HRA-00696	114587441
data/metrics/CGND-HRA-00697	89587229
data/metrics/CGND-HRA-00698	87644056
data/metrics/CGND-HRA-00700	94283776
data/metrics/CGND-HRA-00701	71888277
data/metrics/CGND-HRA-00702	82057397
data/metrics/CGND-HRA-00703	82120268
data/metrics/CGND-HRA-00704	74112074
data/metrics/CGND-HRA-00705	105536369
data/metrics/CGND-HRA-00707	115662012
data/metrics/CGND-HRA-00708	85288111
data/metrics/CGND-HRA-00709	94481477
data/metrics/CGND-HRA-00710	65493546
data/metrics/CGND-HRA-00714	103848394
data/metrics/CGND-HRA-00715	74466133
data/metrics/CGND-HRA-00716	81412928
data/metrics/CGND-HRA-00717	97674384
data/metrics/CGND-HRA-00054	41873839
data/metrics/CGND-HRA-00068	90962848
data/metrics/CGND-HRA-00077	43617379
data/metrics/CGND-HRA-00082	89039554
data/metrics/CGND-HRA-00089	124179650
data/metrics/CGND-HRA-00091	100210131
data/metrics/CGND-HRA-00096	99086902
data/metrics/CGND-HRA-00100	40836253
data/metrics/CGND-HRA-00104	81588824
data/metrics/CGND-HRA-00106	104014626
data/metrics/CGND-HRA-00118	79329387
data/metrics/CGND-HRA-00121	42956259
data/metrics/CGND-HRA-00128	132648934
data/metrics/CGND-HRA-00134	75587184
data/metrics/CGND-HRA-00143	95044947
data/metrics/CGND-HRA-00149	111893476
data/metrics/CGND-HRA-00151	136116742
data/metrics/CGND-HRA-00154	93817885
data/metrics/CGND-HRA-00156	111677290
data/metrics/CGND-HRA-00159	88280624
data/metrics/CGND-HRA-00166	92903869
data/metrics/CGND-HRA-00168	94353592
data/metrics/CGND-HRA-00169	76563471
data/metrics/CGND-HRA-00170	99932716
data/metrics/CGND-HRA-00171	83569781
data/metrics/CGND-HRA-00178	83260538
data/metrics/CGND-HRA-00179	106757618
data/metrics/CGND-HRA-00182	76732120
data/metrics/CGND-HRA-00183	94536035
data/metrics/CGND-HRA-00193	101906086
data/metrics/CGND-HRA-00194	59169997
data/metrics/CGND-HRA-00196	90294038
data/metrics/CGND-HRA-00197	78431909
data/metrics/CGND-HRA-00202	67001405
data/metrics/CGND-HRA-00706	82685834
data/metrics/CGND-HRA-00713	93811976
data/metrics/CGND-HRA-00718	80010768
data/metrics/CGND-HRA-00719	109561246
data/metrics/CGND-HRA-00720	82428341
data/metrics/CGND-HRA-00721	88458413
data/metrics/CGND-HRA-00722	99864905
data/metrics/CGND-HRA-00723	86288900
data/metrics/CGND-HRA-00724	77997684
data/metrics/CGND-HRA-00725	100323066
data/metrics/CGND-HRA-00726	93787881
data/metrics/CGND-HRA-00727	90896666
data/metrics/CGND-HRA-00728	94245020
data/metrics/CGND-HRA-00729	89003350
data/metrics/CGND-HRA-00730	71890963
data/metrics/CGND-HRA-00014	89586551
data/metrics/CGND-HRA-00016	85007043
data/metrics/CGND-HRA-00020	72703643
data/metrics/CGND-HRA-00021	66930087
data/metrics/CGND-HRA-00023	118430186
data/metrics/CGND-HRA-00024	73528285
data/metrics/CGND-HRA-00025	81841063
data/metrics/CGND-HRA-00026	108242922
data/metrics/CGND-HRA-00035	85273018
data/metrics/CGND-HRA-00037	68378557
data/metrics/CGND-HRA-00038	98307859
data/metrics/CGND-HRA-00039	97230723
data/metrics/CGND-HRA-00040	82582450
data/metrics/CGND-HRA-00049	113619315
data/metrics/CGND-HRA-00051	90561262
data/metrics/CGND-HRA-00052	115744528
data/metrics/CGND-HRA-00053	75492432
data/metrics/CGND-HRA-00058	72709013
data/metrics/CGND-HRA-00063	96229793
data/metrics/CGND-HRA-00065	95924431
data/metrics/CGND-HRA-00066	107283755
data/metrics/CGND-HRA-00072	91865160
data/metrics/CGND-HRA-00079	121060594
data/metrics/CGND-HRA-00081	98686993
data/metrics/CGND-HRA-00084	95864874
data/metrics/CGND-HRA-00086	98119365
data/metrics/CGND-HRA-00093	83253419
data/metrics/CGND-HRA-00095	77714564
data/metrics/CGND-HRA-00124	72034623
data/metrics/CGND-HRA-00126	87512378
data/metrics/CGND-HRA-00129	83924760
data/metrics/CGND-HRA-00139	122098658
data/metrics/CGND-HRA-00148	96689509
data/metrics/CGND-HRA-00160	123317910
data/metrics/CGND-HRA-00295	123442111
data/metrics/CGND-HRA-00296	77544854
data/metrics/CGND-HRA-00297	97122378
data/metrics/CGND-HRA-00298	80531062
data/metrics/CGND-HRA-00299	63318377
data/metrics/CGND-HRA-00300	81296376
data/metrics/CGND-HRA-00301	80031889
data/metrics/CGND-HRA-00302	94087349
data/metrics/CGND-HRA-00303	69001967
data/metrics/CGND-HRA-00304	84416820
data/metrics/CGND-HRA-00305	156030547
data/metrics/CGND-HRA-00306	64576346
data/metrics/CGND-HRA-00307	77693333
data/metrics/CGND-HRA-00308	87222721
data/metrics/CGND-HRA-00309	56339417
data/metrics/CGND-HRA-00310	78444871
data/metrics/CGND-HRA-00311	61463155
data/metrics/CGND-HRA-00312	86304507
data/metrics/CGND-HRA-00313	74660998
data/metrics/CGND-HRA-00314	87490390
data/metrics/CGND-HRA-00315	82200414
data/metrics/CGND-HRA-00316	56881752
data/metrics/CGND-HRA-00317	75299205
data/metrics/CGND-HRA-00318	74069510
data/metrics/CGND-HRA-00319	62321920
data/metrics/CGND-HRA-00320	67343540
data/metrics/CGND-HRA-00321	54309130
data/metrics/CGND-HRA-00323	60668282
data/metrics/CGND-HRA-00324	56209892
data/metrics/CGND-HRA-00325	81955283
data/metrics/CGND-HRA-00326	72712824
data/metrics/CGND-HRA-00328	89397599
data/metrics/CGND-HRA-00330	80156037
data/metrics/CGND-HRA-00331	78278229
data/metrics/CGND-HRA-00333	93829852
data/metrics/CGND-HRA-00334	67645820
data/metrics/CGND-HRA-00335	77477428
data/metrics/CGND-HRA-00336	70304070
data/metrics/CGND-HRA-00338	79624356
data/metrics/CGND-HRA-00340	73708582
data/metrics/CGND-HRA-00341	82103665
data/metrics/CGND-HRA-00342	68820216
data/metrics/CGND-HRA-00343	88067490
data/metrics/CGND-HRA-00344	107978589
data/metrics/CGND-HRA-00345	75615962
data/metrics/CGND-HRA-00346	92318033
data/metrics/CGND-HRA-00347	79837746
data/metrics/CGND-HRA-00348	82225673
data/metrics/CGND-HRA-00350	81645995
data/metrics/CGND-HRA-00352	85663788
data/metrics/CGND-HRA-00353	95689416
data/metrics/CGND-HRA-00380	76969996
data/metrics/CGND-HRA-00381	81571038
data/metrics/CGND-HRA-00382	82219502
data/metrics/CGND-HRA-00383	89290356
data/metrics/CGND-HRA-00384	110498810
data/metrics/CGND-HRA-00385	75453165
data/metrics/CGND-HRA-00386	98340043
data/metrics/CGND-HRA-00387	57925010
data/metrics/CGND-HRA-00388	92095813
data/metrics/CGND-HRA-00339	91993561
data/metrics/CGND-HRA-00349	88706895
data/metrics/CGND-HRA-00351	80297310
data/metrics/CGND-HRA-00354	80264246
data/metrics/CGND-HRA-00355	76049285
data/metrics/CGND-HRA-00356	81919512
data/metrics/CGND-HRA-00357	100642110
data/metrics/CGND-HRA-00358	76697721
data/metrics/CGND-HRA-00359	77554899
data/metrics/CGND-HRA-00360	88151236
data/metrics/CGND-HRA-00361	75682034
data/metrics/CGND-HRA-00362	78590825
data/metrics/CGND-HRA-00363	92888138
data/metrics/CGND-HRA-00365	82448373
data/metrics/CGND-HRA-00366	82434249
data/metrics/CGND-HRA-00367	70503254
data/metrics/CGND-HRA-00368	49915473
data/metrics/CGND-HRA-00369	83818288
data/metrics/CGND-HRA-00370	78949946
data/metrics/CGND-HRA-00372	80916041
data/metrics/CGND-HRA-00373	71875255
data/metrics/CGND-HRA-00374	97947118
data/metrics/CGND-HRA-00375	83298909
data/metrics/CGND-HRA-00376	95036870
data/metrics/CGND-HRA-00389	80265312
data/metrics/CGND-HRA-00390	85600673
data/metrics/CGND-HRA-00391	95091595
data/metrics/CGND-HRA-00392	85512694
data/metrics/CGND-HRA-00393	98118378
data/metrics/CGND-HRA-00394	57091085
data/metrics/CGND-HRA-00395	103909497
data/metrics/CGND-HRA-00396	71981854
data/metrics/CGND-HRA-00397	98484003
data/metrics/CGND-HRA-00398	71286897
data/metrics/CGND-HRA-00399	89774027
data/metrics/CGND-HRA-00400	78029523
data/metrics/CGND-HRA-00401	84771706
data/metrics/CGND-HRA-00402	43638263
data/metrics/CGND-HRA-00403	100012088
data/metrics/CGND-HRA-00404	75210226
data/metrics/CGND-HRA-00405	81389201
data/metrics/CGND-HRA-00406	88502611
data/metrics/CGND-HRA-00407	69644372
data/metrics/CGND-HRA-00408	92045695
data/metrics/CGND-HRA-00409	81805657
data/metrics/CGND-HRA-00410	100218899
data/metrics/CGND-HRA-00411	84187032
data/metrics/CGND-HRA-00412	98855383
data/metrics/CGND-HRA-00751	51719971
data/metrics/CGND-HRA-00752	93020104
data/metrics/CGND-HRA-00753	81730818
data/metrics/CGND-HRA-00754	68705008
data/metrics/CGND-HRA-00755	65108808
data/metrics/CGND-HRA-00756	113035916
data/metrics/CGND-HRA-00757	55158248
data/metrics/CGND-HRA-00758	135246272
data/metrics/CGND-HRA-00759	70311420
data/metrics/CGND-HRA-00760	94661721
data/metrics/CGND-HRA-00773	75773090
data/metrics/CGND-HRA-00774	65859970
data/metrics/CGND-HRA-00775	88586789
data/metrics/CGND-HRA-00776	95061591
data/metrics/CGND-HRA-00777	80902355
data/metrics/CGND-HRA-00783	93085092
data/metrics/CGND-HRA-00784	63648757
data/metrics/CGND-HRA-00785	71469767
data/metrics/CGND-HRA-00786	71015644
data/metrics/CGND-HRA-00787	64378982
data/metrics/CGND-HRA-00788	69890181
data/metrics/CGND-HRA-00789	80774060
data/metrics/CGND-HRA-00790	77994463
data/metrics/CGND-HRA-00791	107667612
data/metrics/CGND-HRA-00792	60257880
data/metrics/CGND-HRA-00793	91179514
data/metrics/CGND-HRA-00794	91386498
data/metrics/CGND-HRA-00795	79722822
data/metrics/CGND-HRA-00796	68186089
data/metrics/CGND-HRA-00798	77185227
data/metrics/CGND-HRA-00799	92636778
data/metrics/CGND-HRA-00871	69977166
data/metrics/CGND-HRA-00872	81124630
data/metrics/CGND-HRA-00873	100955079
data/metrics/CGND-HRA-00874	54537310
data/metrics/CGND-HRA-00875	62978372
data/metrics/CGND-HRA-00925	73681583
data/metrics/CGND-HRA-00926	84189608
data/metrics/CGND-HRA-00927	68161251
data/metrics/CGND-HRA-00928	80818760
data/metrics/CGND-HRA-00929	112356927
data/metrics/CGND-HRA-00414	73922716
data/metrics/CGND-HRA-00653	102044073
data/metrics/CGND-HRA-00654	82081840
data/metrics/CGND-HRA-00655	84341959
data/metrics/CGND-HRA-00656	81266821
data/metrics/CGND-HRA-00657	91108345
data/metrics/CGND-HRA-00175	86592363
data/metrics/CGND-HRA-00270	95387920
data/metrics/CGND-HRA-00277	72367864
data/metrics/CGND-HRA-00282	114330071
data/metrics/CGND-HRA-00377	72403939
data/metrics/CGND-HRA-00378	81125548
data/metrics/CGND-HRA-00379	79192654
data/metrics/CGND-HRA-00413	87974615
data/metrics/CGND-HRA-00415	89335292
data/metrics/CGND-HRA-00416	87990239
data/metrics/CGND-HRA-00417	118621279
data/metrics/CGND-HRA-00418	121542007
data/metrics/CGND-HRA-00419	110978689
data/metrics/CGND-HRA-00420	108578858
data/metrics/CGND-HRA-00421	75483534
data/metrics/CGND-HRA-00422	66088516
data/metrics/CGND-HRA-00423	60274199
data/metrics/CGND-HRA-00424	68064892
data/metrics/CGND-HRA-00425	61889560
data/metrics/CGND-HRA-00426	64669435
data/metrics/CGND-HRA-00427	68147184
data/metrics/CGND-HRA-00428	57691787
data/metrics/CGND-HRA-00429	81940254
data/metrics/CGND-HRA-00430	73281066
data/metrics/CGND-HRA-00431	51718859
data/metrics/CGND-HRA-00432	67282028
data/metrics/CGND-HRA-00433	117936200
data/metrics/CGND-HRA-00434	115712297
data/metrics/CGND-HRA-00435	63932413
data/metrics/CGND-HRA-00436	58503752
data/metrics/CGND-HRA-00437	80433527
data/metrics/CGND-HRA-00438	90204921
data/metrics/CGND-HRA-00439	83805507
data/metrics/CGND-HRA-00242	90037071
data/metrics/CGND-HRA-00250	87574925
data/metrics/CGND-HRA-00251	75754673
data/metrics/CGND-HRA-00252	81726926
data/metrics/CGND-HRA-00254	85277344
data/metrics/CGND-HRA-00260	80535878
data/metrics/CGND-HRA-00261	82048528
data/metrics/CGND-HRA-00262	95130260
data/metrics/CGND-HRA-00264	85508497
data/metrics/CGND-HRA-00272	93753252
data/metrics/CGND-HRA-00275	73723697
data/metrics/CGND-HRA-00276	95697452
data/metrics/CGND-HRA-00284	81659973
data/metrics/CGND-HRA-00285	90278094
data/metrics/CGND-HRA-00288	81150902
data/metrics/CGND-HRA-00337	63225773
data/metrics/CGND-HRA-00364	89418706
data/metrics/CGND-HRA-00612	111591356
data/metrics/CGND-HRA-00241	60785109
data/metrics/CGND-HRA-00245	93783970
data/metrics/CGND-HRA-00246	91011585
data/metrics/CGND-HRA-00247	69242893
data/metrics/CGND-HRA-00248	66423098
data/metrics/CGND-HRA-00255	93480383
data/metrics/CGND-HRA-00256	116554119
data/metrics/CGND-HRA-00258	48468738
data/metrics/CGND-HRA-00259	69225181
data/metrics/CGND-HRA-00263	59123167
data/metrics/CGND-HRA-00265	75999659
data/metrics/CGND-HRA-00266	67494657
data/metrics/CGND-HRA-00267	68440217
data/metrics/CGND-HRA-00268	64204889
data/metrics/CGND-HRA-00269	104883384
data/metrics/CGND-HRA-00279	97615059
data/metrics/CGND-HRA-00280	82169337
data/metrics/CGND-HRA-00281	93980595
data/metrics/CGND-HRA-00283	47858268
data/metrics/CGND-HRA-00286	72353998
data/metrics/CGND-HRA-00287	82293823
data/metrics/CGND-HRA-00523	73512609
data/metrics/CGND-HRA-00525	72150275
data/metrics/CGND-HRA-00526	78060278
data/metrics/CGND-HRA-00527	79822374
data/metrics/CGND-HRA-00528	68776487
data/metrics/CGND-HRA-00529	82510340
data/metrics/CGND-HRA-00530	73734547
data/metrics/CGND-HRA-00553	79868694
data/metrics/CGND-HRA-00554	83816618
data/metrics/CGND-HRA-00559	70487702
data/metrics/CGND-HRA-00560	82903587
data/metrics/CGND-HRA-00563	64254197
data/metrics/CGND-HRA-00564	52877895
data/metrics/CGND-HRA-00565	55248492
data/metrics/CGND-HRA-00566	64823680
data/metrics/CGND-HRA-00567	83944957
data/metrics/CGND-HRA-00568	67379564
data/metrics/CGND-HRA-00569	74370626
data/metrics/CGND-HRA-00570	60772559
data/metrics/CGND-HRA-00531	95940087
data/metrics/CGND-HRA-00532	105930400
data/metrics/CGND-HRA-00533	73140908
data/metrics/CGND-HRA-00534	83536333
data/metrics/CGND-HRA-00535	87912642
data/metrics/CGND-HRA-00536	65718427
data/metrics/CGND-HRA-00538	89780202
data/metrics/CGND-HRA-00540	108183204
data/metrics/CGND-HRA-00542	79226005
data/metrics/CGND-HRA-00543	71030888
data/metrics/CGND-HRA-00544	69745752
data/metrics/CGND-HRA-00545	73819361
data/metrics/CGND-HRA-00546	77293419
data/metrics/CGND-HRA-00547	90475553
data/metrics/CGND-HRA-00549	58993113
data/metrics/CGND-HRA-00550	98554396
data/metrics/CGND-HRA-00551	93498051
data/metrics/CGND-HRA-00555	81319184
data/metrics/CGND-HRA-00556	82329681
data/metrics/CGND-HRA-00557	100150548
data/metrics/CGND-HRA-00558	85418933
data/metrics/CGND-HRA-00561	90738655
data/metrics/CGND-HRA-00562	96337866
data/metrics/CGND-HRA-00571	141719067
data/metrics/CGND-HRA-00572	43783892
data/metrics/CGND-HRA-00573	83045821
data/metrics/CGND-HRA-00574	75116058
data/metrics/CGND-HRA-00575	75841483
data/metrics/CGND-HRA-00576	95626285
data/metrics/CGND-HRA-00577	90817620
data/metrics/CGND-HRA-00578	69925532
data/metrics/CGND-HRA-00579	77008763
data/metrics/CGND-HRA-00580	52037139
data/metrics/CGND-HRA-00581	184193037
data/metrics/CGND-HRA-00582	70251622
data/metrics/CGND-HRA-00583	86931510
data/metrics/CGND-HRA-00584	77609410
data/metrics/CGND-HRA-00585	109892062
data/metrics/CGND-HRA-00590	86276094
data/metrics/CGND-HRA-00593	77258265
data/metrics/CGND-HRA-00596	73694654
data/metrics/CGND-HRA-00598	88362901
data/metrics/CGND-HRA-00601	111165813
data/metrics/CGND-HRA-00631	87510524
data/metrics/CGND-HRA-00633	81667885
data/metrics/CGND-HRA-00634	93049588
data/metrics/CGND-HRA-00240	76802788
data/metrics/CGND-HRA-00243	54953818
data/metrics/CGND-HRA-00244	58012963
data/metrics/CGND-HRA-00249	78285938
data/metrics/CGND-HRA-00271	80654019
data/metrics/CGND-HRA-00273	77199499
data/metrics/CGND-HRA-00548	66968258
data/metrics/CGND-HRA-00552	71388593
data/metrics/CGND-HRA-00586	95481382
data/metrics/CGND-HRA-00587	41801841
data/metrics/CGND-HRA-00588	70677887
data/metrics/CGND-HRA-00589	112224733
data/metrics/CGND-HRA-00592	98844017
data/metrics/CGND-HRA-00594	71062224
data/metrics/CGND-HRA-00595	122797782
data/metrics/CGND-HRA-00599	59857001
data/metrics/CGND-HRA-00600	74935428
data/metrics/CGND-HRA-00603	93116707
data/metrics/CGND-HRA-00604	91620079
data/metrics/CGND-HRA-00605	155742094
data/metrics/CGND-HRA-00606	90557660
data/metrics/CGND-HRA-00609	86513617
data/metrics/CGND-HRA-00620	86819493
data/metrics/CGND-HRA-00621	74896616
data/metrics/CGND-HRA-00622	103085670
data/metrics/CGND-HRA-00623	80087951
data/metrics/CGND-HRA-01185	105609513
data/metrics/CGND-HRA-01186	69845414
data/metrics/CGND-HRA-01187	86521991
data/metrics/CGND-HRA-01204	77509612
data/metrics/CGND-HRA-01205	87873894
data/metrics/CGND-HRA-01206	98923559
data/metrics/CGND-HRA-01207	62909827
data/metrics/CGND-HRA-01208	76488867
data/metrics/CGND-HRA-01209	78487878
data/metrics/CGND-HRA-01219	77906335
data/metrics/CGND-HRA-01220	84377578
data/metrics/CGND-HRA-01222	80190223
data/metrics/CGND-HRA-01223	87765842
data/metrics/CGND-HRA-01224	68847485
data/metrics/CGND-HRA-01225	86594791
data/metrics/CGND-HRA-01227	68926222
data/metrics/CGND-HRA-01228	91278362
data/metrics/CGND-HRA-01234	95975181
data/metrics/CGND-HRA-01235	76002340
data/metrics/CGND-HRA-01236	90413305
data/metrics/CGND-HRA-00239	75670331
data/metrics/CGND-HRA-00539	73127327
data/metrics/CGND-HRA-00607	88643742
data/metrics/CGND-HRA-00608	65361361
data/metrics/CGND-HRA-00610	89214453
data/metrics/CGND-HRA-00611	74141025
data/metrics/CGND-HRA-00613	86603102
data/metrics/CGND-HRA-00614	79214719
data/metrics/CGND-HRA-00615	78369162
data/metrics/CGND-HRA-00616	75406734
data/metrics/CGND-HRA-01212	78158725
data/metrics/CGND-HRA-01213	75575872
data/metrics/CGND-HRA-01217	77539787
data/metrics/CGND-HRA-01218	79024644
data/metrics/CGND-HRA-01231	80984134
data/metrics/CGND-HRA-01232	71703763
data/metrics/CGND-HRA-01233	81405911
data/metrics/CGND-HRA-01237	48543915
data/metrics/CGND-HRA-01238	82808026
data/metrics/CGND-HRA-01239	85636714
data/metrics/CGND-HRA-01240	92672878
data/metrics/CGND-HRA-01241	76885135
data/metrics/CGND-HRA-01242	83524909
data/metrics/CGND-HRA-01243	69747635
data/metrics/CGND-HRA-01244	96382524
data/metrics/CGND-HRA-01245	64203780
data/metrics/CGND-HRA-01246	67258669
data/metrics/CGND-HRA-01247	81083594
data/metrics/CGND-HRA-01248	64038624
data/metrics/CGND-HRA-01251	78405384
data/metrics/CGND-HRA-01253	77227806
data/metrics/CGND-HRA-01254	76425968
data/metrics/CGND-HRA-01255	70642355
data/metrics/CGND-HRA-01256	95566105
data/metrics/CGND-HRA-01257	85238801
data/metrics/CGND-HRA-01258	81320997
data/metrics/CGND-HRA-01259	63644262
data/metrics/CGND-HRA-01260	72067410
data/metrics/CGND-HRA-01261	76749789
data/metrics/CGND-HRA-01263	80150346
data/metrics/CGND-HRA-01264	82030482
data/metrics/CGND-HRA-01265	76026364
data/metrics/CGND-HRA-01266	67965017
data/metrics/CGND-HRA-01267	115988139
data/metrics/CGND-HRA-01269	80319636
data/metrics/CGND-HRA-00618	48758033
data/metrics/CGND-HRA-01270	85260468
data/metrics/CGND-HRA-01283	83946791
data/metrics/CGND-HRA-01284	93235535
data/metrics/CGND-HRA-01285	89226754
data/metrics/CGND-HRA-01291	79345998
data/metrics/CGND-HRA-01292	57200385
data/metrics/CGND-HRA-01293	84049217
data/metrics/CGND-HRA-01294	84261770
data/metrics/CGND-HRA-01297	85544698
data/metrics/CGND-HRA-01298	95853235
data/metrics/CGND-HRA-01299	84975998
data/metrics/CGND-HRA-01300	117373698
data/metrics/CGND-HRA-01327	70395544
data/metrics/CGND-HRA-01328	93543802
data/metrics/CGND-HRA-01329	73996985
data/metrics/CGND-HRA-01331	41667087
data/metrics/CGND-HRA-01333	56541235
data/metrics/CGND-HRA-01335	55654424
data/metrics/CGND-HRA-01337	104412386
data/metrics/CGND-HRA-01339	67872835
data/metrics/CGND-HRA-01341	136391776
data/metrics/CGND-HRA-01342	71812441
data/metrics/CGND-HRA-01343	157491541
data/metrics/CGND-HRA-01344	58142204
data/metrics/CGND-HRA-01345	48624346
data/metrics/CGND-HRA-01349	68222684
data/metrics/CGND-HRA-01352	43221114
data/metrics/CGND-HRA-01353	57624481
data/metrics/CGND-HRA-01354	95394428
data/metrics/CGND-HRA-01355	91770913
data/metrics/CGND-HRA-00846	220897462
data/metrics/CGND-HRA-00902	43387698
data/metrics/CGND-HRA-00989	99788789
data/metrics/CGND-HRA-01169	53825260
data/metrics/CGND-HRA-00460	49717179
data/metrics/CGND-HRA-00465	60532745
data/metrics/CGND-HRA-00466	65472906
data/metrics/CGND-HRA-00469	72105602
data/metrics/CGND-HRA-00476	103814949
data/metrics/CGND-HRA-00479	43268610
data/metrics/CGND-HRA-00480	76106799
data/metrics/CGND-HRA-00481	57104919
data/metrics/CGND-HRA-00486	84553247
data/metrics/CGND-HRA-00487	70088193
data/metrics/CGND-HRA-00492	87355228
data/metrics/CGND-HRA-00636	67094404
data/metrics/CGND-HRA-00662	88721272
data/metrics/CGND-HRA-00671	164731750
data/metrics/CGND-HRA-00672	50183410
data/metrics/CGND-HRA-00746	108655959
data/metrics/CGND-HRA-01179	61612367
data/metrics/CGND-HRA-01268	63666123
data/metrics/CGND-HRA-01286	109511765
data/metrics/CGND-HRA-01287	69433499
data/metrics/CGND-HRA-01289	98583517
data/metrics/CGND-HRA-01295	87713095
data/metrics/CGND-HRA-01296	42941485
data/metrics/CGND-HRA-01302	53410164
data/metrics/CGND-HRA-01330	53028395
data/metrics/CGND-HRA-01332	81156477
data/metrics/CGND-HRA-01336	62177745
data/metrics/CGND-HRA-01338	68133378
data/metrics/CGND-HRA-01340	50840569
data/metrics/CGND-HRA-01348	102255017
data/metrics/CGND-HRA-01350	73817255
data/metrics/CGND-HRA-01356	61791388
data/metrics/CGND-HRA-01357	121411623
data/metrics/CGND-HRA-01358	54104426
data/metrics/CGND-HRA-01359	58604651
data/metrics/CGND-HRA-01360	57182572
data/metrics/CGND-HRA-01361	94748700
data/metrics/CGND-HRA-01362	56324708
data/metrics/CGND-HRA-01363	68802510
data/metrics/CGND-HRA-01364	85998598
data/metrics/CGND-HRA-01365	122305404
data/metrics/CGND-HRA-01366	69262617
data/metrics/CGND-HRA-01367	70062896
data/metrics/CGND-HRA-01369	87035803
data/metrics/CGND-HRA-01370	63645696
data/metrics/CGND-HRA-00371	64411570
data/metrics/CGND-HRA-00643	112015160
data/metrics/CGND-HRA-00676	74851703
data/metrics/CGND-HRA-00731	101548453
data/metrics/CGND-HRA-01178	86177021
data/metrics/CGND-HRA-01371	50918772
data/metrics/CGND-HRA-01372	69440670
data/metrics/CGND-HRA-01373	90603853
data/metrics/CGND-HRA-01378	91847609
data/metrics/CGND-HRA-01379	87157743
data/metrics/CGND-HRA-00322	62264166
data/metrics/CGND-HRA-00431	51718859
data/metrics/CGND-HRA-00537	59166701
data/metrics/CGND-HRA-00617	68510559
data/metrics/CGND-HRA-00624	103405289
data/metrics/CGND-HRA-00625	82115610
data/metrics/CGND-HRA-00626	82162729
data/metrics/CGND-HRA-00637	68792763
data/metrics/CGND-HRA-00638	80867333
data/metrics/CGND-HRA-00640	47187688
data/metrics/CGND-HRA-00641	67727992
data/metrics/CGND-HRA-00642	65127706
data/metrics/CGND-HRA-00644	78437666
data/metrics/CGND-HRA-00645	63214330
data/metrics/CGND-HRA-00648	95222050
data/metrics/CGND-HRA-00649	83465479
data/metrics/CGND-HRA-00650	100904307
data/metrics/CGND-HRA-00651	83818917
data/metrics/CGND-HRA-00652	88067372
data/metrics/CGND-HRA-00658	89304892
data/metrics/CGND-HRA-00659	130870205
data/metrics/CGND-HRA-00660	82490803
data/metrics/CGND-HRA-00661	78956991
data/metrics/CGND-HRA-00663	104439530
data/metrics/CGND-HRA-00664	116619700
data/metrics/CGND-HRA-00665	80333081
data/metrics/CGND-HRA-00666	75742132
data/metrics/CGND-HRA-00667	67334098
data/metrics/CGND-HRA-00668	69679045
data/metrics/CGND-HRA-00669	109158750
data/metrics/CGND-HRA-00670	104974547
data/metrics/CGND-HRA-00673	115012311
data/metrics/CGND-HRA-00674	78546961
data/metrics/CGND-HRA-00675	68629300
data/metrics/CGND-HRA-00680	82834786
data/metrics/CGND-HRA-00681	109710531
data/metrics/CGND-HRA-01184	102929634
data/metrics/CGND-HRA-01230	72232843
data/metrics/CGND-HRA-01250	77125687
data/metrics/CGND-HRA-01290	82331990
data/metrics/CGND-HRA-00761	81340901
data/metrics/CGND-HRA-00763	81025146
data/metrics/CGND-HRA-00764	73310165
data/metrics/CGND-HRA-00765	76269743
data/metrics/CGND-HRA-00766	111336400
data/metrics/CGND-HRA-00767	101142369
data/metrics/CGND-HRA-00769	84056274
data/metrics/CGND-HRA-00770	77256920
data/metrics/CGND-HRA-00771	83482351
data/metrics/CGND-HRA-00772	83606116
data/metrics/CGND-HRA-00779	82093329
data/metrics/CGND-HRA-00781	77438584
data/metrics/CGND-HRA-00782	83385295
data/metrics/CGND-HRA-00802	97319298
data/metrics/CGND-HRA-00803	92846134
data/metrics/CGND-HRA-00804	82211669
data/metrics/CGND-HRA-00805	82391592
data/metrics/CGND-HRA-00806	88989812
data/metrics/CGND-HRA-00807	90477831
data/metrics/CGND-HRA-00808	78749399
data/metrics/CGND-HRA-00809	84045980
data/metrics/CGND-HRA-00810	106142769
data/metrics/CGND-HRA-00811	86603406
data/metrics/CGND-HRA-00812	92154763
data/metrics/CGND-HRA-00813	87755087
data/metrics/CGND-HRA-00814	85962518
data/metrics/CGND-HRA-00815	83977647
data/metrics/CGND-HRA-00816	93141269
data/metrics/CGND-HRA-00817	97719986
data/metrics/CGND-HRA-00818	81204953
data/metrics/CGND-HRA-00819	82980605
data/metrics/CGND-HRA-00820	83206811
data/metrics/CGND-HRA-00821	91075241
data/metrics/CGND-HRA-00822	85671366
data/metrics/CGND-HRA-00823	83050651
data/metrics/CGND-HRA-00824	106173002
data/metrics/CGND-HRA-00825	78507952
data/metrics/CGND-HRA-00826	85921888
data/metrics/CGND-HRA-00827	80288313
data/metrics/CGND-HRA-00828	91575365
data/metrics/CGND-HRA-00829	77414700
data/metrics/CGND-HRA-00830	87379445
data/metrics/CGND-HRA-00832	88655007
data/metrics/CGND-HRA-00833	87147539
data/metrics/CGND-HRA-00834	87932014
data/metrics/CGND-HRA-00835	86357535
data/metrics/CGND-HRA-00836	89741190
data/metrics/CGND-HRA-00837	80506466
data/metrics/CGND-HRA-00838	73231775
data/metrics/CGND-HRA-00839	81503133
data/metrics/CGND-HRA-00840	87692391
data/metrics/CGND-HRA-00841	71736345
data/metrics/CGND-HRA-00842	70080474
data/metrics/CGND-HRA-00843	68271938
data/metrics/CGND-HRA-00845	90210216
data/metrics/CGND-HRA-00847	82567527
data/metrics/CGND-HRA-00848	87772033
data/metrics/CGND-HRA-00849	78339084
data/metrics/CGND-HRA-00850	89484276
data/metrics/CGND-HRA-00851	91883063
data/metrics/CGND-HRA-00852	84960505
data/metrics/CGND-HRA-00853	88765224
data/metrics/CGND-HRA-00854	80194778
data/metrics/CGND-HRA-00855	83244147
data/metrics/CGND-HRA-00856	81688281
data/metrics/CGND-HRA-00857	82022374
data/metrics/CGND-HRA-00858	83319821
data/metrics/CGND-HRA-00859	76506494
data/metrics/CGND-HRA-00861	79490341
data/metrics/CGND-HRA-00862	99694702
data/metrics/CGND-HRA-00863	90755512
data/metrics/CGND-HRA-00864	70547145
data/metrics/CGND-HRA-00865	83305566
data/metrics/CGND-HRA-00866	77954063
data/metrics/CGND-HRA-00867	95778077
data/metrics/CGND-HRA-00868	88633213
data/metrics/CGND-HRA-00869	89644315
data/metrics/CGND-HRA-00870	87578567
data/metrics/CGND-HRA-00876	77517777
data/metrics/CGND-HRA-00877	82621179
data/metrics/CGND-HRA-00878	82153165
data/metrics/CGND-HRA-00879	72845826
data/metrics/CGND-HRA-00880	79391470
data/metrics/CGND-HRA-00881	78728330
data/metrics/CGND-HRA-00882	79781464
data/metrics/CGND-HRA-00883	82038686
data/metrics/CGND-HRA-00884	83692090
data/metrics/CGND-HRA-00885	90680879
data/metrics/CGND-HRA-00886	76077593
data/metrics/CGND-HRA-00887	80306229
data/metrics/CGND-HRA-01081	86751260
data/metrics/CGND-HRA-01082	78834094
data/metrics/CGND-HRA-01083	73475701
data/metrics/CGND-HRA-01604	92458163
data/metrics/CGND-HRA-01605	83586372
data/metrics/CGND-HRA-00888	238270318
data/metrics/CGND-HRA-00891	269964284
data/metrics/CGND-HRA-00892	255766699
data/metrics/CGND-HRA-00893	144077058
data/metrics/CGND-HRA-00894	224589108
data/metrics/CGND-HRA-00895	223889219
data/metrics/CGND-HRA-00896	222534665
data/metrics/CGND-HRA-00897	198391994
data/metrics/CGND-HRA-00898	212349149
data/metrics/CGND-HRA-00899	286332008
data/metrics/CGND-HRA-00900	235434778
data/metrics/CGND-HRA-00901	242793368
data/metrics/CGND-HRA-00903	263211069
data/metrics/CGND-HRA-00904	241032703
data/metrics/CGND-HRA-00905	214666189
data/metrics/CGND-HRA-00906	198246196
data/metrics/CGND-HRA-00907	206035451
data/metrics/CGND-HRA-00908	209816143
data/metrics/CGND-HRA-00909	320230395
data/metrics/CGND-HRA-00910	236709859
data/metrics/CGND-HRA-00911	277101376
data/metrics/CGND-HRA-00912	226052214
data/metrics/CGND-HRA-00913	217044818
data/metrics/CGND-HRA-00914	241684811
data/metrics/CGND-HRA-00915	276616647
data/metrics/CGND-HRA-00916	257671382
data/metrics/CGND-HRA-00917	230568012
data/metrics/CGND-HRA-00918	253328237
data/metrics/CGND-HRA-00919	224685392
data/metrics/CGND-HRA-00920	241970682
data/metrics/CGND-HRA-00921	253989295
data/metrics/CGND-HRA-00923	278521100
data/metrics/CGND-HRA-00924	204339216
data/metrics/CGND-HRA-00930	235249945
data/metrics/CGND-HRA-00931	254563258
data/metrics/CGND-HRA-00932	273793370
data/metrics/CGND-HRA-00933	231529070
data/metrics/CGND-HRA-00934	266453254
data/metrics/CGND-HRA-00936	292022105
data/metrics/CGND-HRA-00937	237882993
data/metrics/CGND-HRA-00938	241722870
data/metrics/CGND-HRA-00939	226386366
data/metrics/CGND-HRA-00940	263576271
data/metrics/CGND-HRA-00941	196675262
data/metrics/CGND-HRA-00942	211614193
data/metrics/CGND-HRA-00943	249261869
data/metrics/CGND-HRA-00944	266193788
data/metrics/CGND-HRA-00945	211935621
data/metrics/CGND-HRA-00946	205017041
data/metrics/CGND-HRA-00947	192396387
data/metrics/CGND-HRA-00948	223549759
data/metrics/CGND-HRA-00949	219783203
data/metrics/CGND-HRA-00950	230548718
data/metrics/CGND-HRA-00951	272759924
data/metrics/CGND-HRA-00953	206932453
data/metrics/CGND-HRA-00954	140993733
data/metrics/CGND-HRA-00955	247116163
data/metrics/CGND-HRA-00956	235169634
data/metrics/CGND-HRA-00957	253079902
data/metrics/CGND-HRA-00958	244398900
data/metrics/CGND-HRA-00959	229861773
data/metrics/CGND-HRA-00960	164910643
data/metrics/CGND-HRA-00961	252996739
data/metrics/CGND-HRA-00962	225045590
data/metrics/CGND-HRA-00963	217896795
data/metrics/CGND-HRA-00964	286223149
data/metrics/CGND-HRA-00965	237940898
data/metrics/CGND-HRA-00966	292362890
data/metrics/CGND-HRA-00967	265431236
data/metrics/CGND-HRA-00968	228518982
data/metrics/CGND-HRA-00969	276536124
data/metrics/CGND-HRA-00970	261875134
data/metrics/CGND-HRA-00971	246660370
data/metrics/CGND-HRA-00972	235012574
data/metrics/CGND-HRA-00973	274437506
data/metrics/CGND-HRA-00974	237569457
data/metrics/CGND-HRA-00975	229437368
data/metrics/CGND-HRA-00976	240468148
data/metrics/CGND-HRA-00978	243319587
data/metrics/CGND-HRA-00979	203489635
data/metrics/CGND-HRA-00980	265848887
data/metrics/CGND-HRA-00981	248410203
data/metrics/CGND-HRA-00982	264026821
data/metrics/CGND-HRA-00983	206259110
data/metrics/CGND-HRA-00985	258547882
data/metrics/CGND-HRA-00986	256741240
data/metrics/CGND-HRA-00987	185506867
data/metrics/CGND-HRA-00988	333396441
data/metrics/CGND-HRA-00990	245138251
data/metrics/CGND-HRA-00992	83988312
data/metrics/CGND-HRA-00993	88087676
data/metrics/CGND-HRA-00994	89236831
data/metrics/CGND-HRA-00996	96045804
data/metrics/CGND-HRA-00997	91592647
data/metrics/CGND-HRA-00998	83278732
data/metrics/CGND-HRA-00999	96976878
data/metrics/CGND-HRA-01000	81422059
data/metrics/CGND-HRA-01001	93349985
data/metrics/CGND-HRA-01003	80101866
data/metrics/CGND-HRA-01004	102851497
data/metrics/CGND-HRA-01005	81107752
data/metrics/CGND-HRA-01007	89440993
data/metrics/CGND-HRA-01008	76393767
data/metrics/CGND-HRA-01009	81536509
data/metrics/CGND-HRA-01010	92790872
data/metrics/CGND-HRA-01011	73979174
data/metrics/CGND-HRA-01012	90917705
data/metrics/CGND-HRA-01013	74861039
data/metrics/CGND-HRA-01014	75191318
data/metrics/CGND-HRA-01015	80906521
data/metrics/CGND-HRA-01016	98355846
data/metrics/CGND-HRA-01017	92055159
data/metrics/CGND-HRA-01018	80416483
data/metrics/CGND-HRA-01019	78666971
data/metrics/CGND-HRA-01020	92692865
data/metrics/CGND-HRA-01021	91259694
data/metrics/CGND-HRA-01022	91675675
data/metrics/CGND-HRA-01023	79066634
data/metrics/CGND-HRA-01024	91328050
data/metrics/CGND-HRA-01025	79150892
data/metrics/CGND-HRA-01026	98230646
data/metrics/CGND-HRA-01027	89307771
data/metrics/CGND-HRA-01028	95499690
data/metrics/CGND-HRA-01029	86324934
data/metrics/CGND-HRA-01030	79244100
data/metrics/CGND-HRA-01031	75934357
data/metrics/CGND-HRA-01032	80276500
data/metrics/CGND-HRA-01033	98449579
data/metrics/CGND-HRA-01034	76146116
data/metrics/CGND-HRA-01035	99127929
data/metrics/CGND-HRA-01036	97433827
data/metrics/CGND-HRA-01037	78188148
data/metrics/CGND-HRA-01038	87427348
data/metrics/CGND-HRA-01039	90985945
data/metrics/CGND-HRA-01040	85794176
data/metrics/CGND-HRA-01041	77813520
data/metrics/CGND-HRA-01042	93915514
data/metrics/CGND-HRA-01043	76492589
data/metrics/CGND-HRA-01044	105969569
data/metrics/CGND-HRA-01045	88287015
data/metrics/CGND-HRA-01046	89857892
data/metrics/CGND-HRA-01047	75071806
data/metrics/CGND-HRA-01048	94618961
data/metrics/CGND-HRA-01049	75057369
data/metrics/CGND-HRA-01050	100291997
data/metrics/CGND-HRA-01051	89419499
data/metrics/CGND-HRA-01052	82302711
data/metrics/CGND-HRA-01053	91193658
data/metrics/CGND-HRA-01054	101558071
data/metrics/CGND-HRA-01055	103878884
data/metrics/CGND-HRA-01056	91999070
data/metrics/CGND-HRA-01057	91627380
data/metrics/CGND-HRA-01058	92459363
data/metrics/CGND-HRA-01059	117417796
data/metrics/CGND-HRA-01060	85408658
data/metrics/CGND-HRA-01061	83704187
data/metrics/CGND-HRA-01062	102204465
data/metrics/CGND-HRA-01063	113944295
data/metrics/CGND-HRA-01064	97599632
data/metrics/CGND-HRA-01065	102940877
data/metrics/CGND-HRA-01066	112180723
data/metrics/CGND-HRA-01067	106521378
data/metrics/CGND-HRA-01068	104563430
data/metrics/CGND-HRA-01069	92716750
data/metrics/CGND-HRA-01070	128071462
data/metrics/CGND-HRA-01071	116474355
data/metrics/CGND-HRA-01072	110898418
data/metrics/CGND-HRA-01073	117614801
data/metrics/CGND-HRA-01074	98922855
data/metrics/CGND-HRA-01075	97103908
data/metrics/CGND-HRA-01076	119430561
data/metrics/CGND-HRA-01077	91367015
data/metrics/CGND-HRA-01078	108178492
data/metrics/CGND-HRA-01079	106599672
data/metrics/CGND-HRA-01080	99898515
data/metrics/CGND-HRA-01084	105021034
data/metrics/CGND-HRA-01085	99987121
data/metrics/CGND-HRA-01086	103775635
data/metrics/CGND-HRA-01089	97384122
data/metrics/CGND-HRA-01090	82547591
data/metrics/CGND-HRA-01091	77722587
data/metrics/CGND-HRA-01092	135941691
data/metrics/CGND-HRA-01093	108557783
data/metrics/CGND-HRA-01094	86753464
data/metrics/CGND-HRA-01095	118740705
data/metrics/CGND-HRA-01096	108613024
data/metrics/CGND-HRA-01097	79155433
data/metrics/CGND-HRA-01098	103489815
data/metrics/CGND-HRA-01099	119759126
data/metrics/CGND-HRA-01100	107680921
data/metrics/CGND-HRA-01101	107304370
data/metrics/CGND-HRA-01102	83878019
data/metrics/CGND-HRA-01103	80982818
data/metrics/CGND-HRA-01105	126338964
data/metrics/CGND-HRA-01106	86437752
data/metrics/CGND-HRA-01107	105707295
data/metrics/CGND-HRA-01108	84298768
data/metrics/CGND-HRA-01110	111506045
data/metrics/CGND-HRA-01111	95483204
data/metrics/CGND-HRA-01112	110867225
data/metrics/CGND-HRA-01113	101783711
data/metrics/CGND-HRA-01117	106433177
data/metrics/CGND-HRA-01118	115145069
data/metrics/CGND-HRA-01119	101111304
data/metrics/CGND-HRA-01120	88270771
data/metrics/CGND-HRA-01121	79891753
data/metrics/CGND-HRA-01122	113146887
data/metrics/CGND-HRA-01123	105324638
data/metrics/CGND-HRA-01124	102879264
data/metrics/CGND-HRA-01125	121415961
data/metrics/CGND-HRA-01126	78625788
data/metrics/CGND-HRA-01127	109606861
data/metrics/CGND-HRA-01128	113463616
data/metrics/CGND-HRA-01129	99439161
data/metrics/CGND-HRA-01130	102687049
data/metrics/CGND-HRA-01131	107182113
data/metrics/CGND-HRA-01132	104211599
data/metrics/CGND-HRA-01133	98786907
data/metrics/CGND-HRA-01134	85489272
data/metrics/CGND-HRA-01136	110537672
data/metrics/CGND-HRA-01137	105445687
data/metrics/CGND-HRA-01138	102824750
data/metrics/CGND-HRA-01139	79795865
data/metrics/CGND-HRA-01140	100124925
data/metrics/CGND-HRA-01141	105916816
data/metrics/CGND-HRA-01142	103727597
data/metrics/CGND-HRA-01143	102523838
data/metrics/CGND-HRA-01145	102219591
data/metrics/CGND-HRA-01146	88636750
data/metrics/CGND-HRA-01147	108500973
data/metrics/CGND-HRA-01149	116170973
data/metrics/CGND-HRA-01150	101942974
data/metrics/CGND-HRA-01151	90169092
data/metrics/CGND-HRA-01153	106007895
data/metrics/CGND-HRA-01154	115432751
data/metrics/CGND-HRA-01155	108036113
data/metrics/CGND-HRA-01156	102216024
data/metrics/CGND-HRA-01157	118056427
data/metrics/CGND-HRA-01158	98309934
data/metrics/CGND-HRA-01159	89561782
data/metrics/CGND-HRA-01160	99344211
data/metrics/CGND-HRA-01161	95770336
data/metrics/CGND-HRA-01162	117739545
data/metrics/CGND-HRA-01163	109169157
data/metrics/CGND-HRA-01164	106969107
data/metrics/CGND-HRA-01165	96136153
data/metrics/CGND-HRA-01167	126401597
data/metrics/CGND-HRA-01168	106280485
data/metrics/CGND-HRA-01170	102891403
data/metrics/CGND-HRA-01171	119695786
data/metrics/CGND-HRA-01172	119887542
data/metrics/CGND-HRA-00097	104728036
data/metrics/CGND-HRA-00115	90462076
data/metrics/CGND-HRA-00125	95581096
data/metrics/CGND-HRA-00130	97779872
data/metrics/CGND-HRA-00131	107983998
data/metrics/CGND-HRA-00132	96791308
data/metrics/CGND-HRA-00140	90451684
data/metrics/CGND-HRA-00141	92875410
data/metrics/CGND-HRA-00142	85405372
data/metrics/CGND-HRA-00146	93375510
data/metrics/CGND-HRA-00147	117091814
data/metrics/CGND-HRA-00174	85954594
data/metrics/CGND-HRA-00290	85659370
data/metrics/CGND-HRA-00461	119355972
data/metrics/CGND-HRA-00462	86583944
data/metrics/CGND-HRA-00463	96310152
data/metrics/CGND-HRA-00464	89516784
data/metrics/CGND-HRA-00467	87471292
data/metrics/CGND-HRA-00468	94109578
data/metrics/CGND-HRA-00473	98045800
data/metrics/CGND-HRA-00474	91257648
data/metrics/CGND-HRA-00475	97713536
data/metrics/CGND-HRA-00477	97419946
data/metrics/CGND-HRA-00478	110041450
data/metrics/CGND-HRA-00482	96937522
data/metrics/CGND-HRA-00483	107218410
data/metrics/CGND-HRA-00484	92949486
data/metrics/CGND-HRA-00485	88411500
data/metrics/CGND-HRA-00488	106783706
data/metrics/CGND-HRA-00489	112466582
data/metrics/CGND-HRA-00490	84442066
data/metrics/CGND-HRA-00627	87267628
data/metrics/CGND-HRA-00628	88671638
data/metrics/CGND-HRA-00629	91845824
data/metrics/CGND-HRA-00630	83763872
data/metrics/CGND-HRA-00646	73147950
data/metrics/CGND-HRA-00647	82834830
data/metrics/CGND-HRA-00677	85787616
data/metrics/CGND-HRA-00678	89797738
data/metrics/CGND-HRA-00679	83202800
data/metrics/CGND-HRA-00682	100694474
data/metrics/CGND-HRA-00683	215673650
data/metrics/CGND-HRA-00747	84250126
data/metrics/CGND-HRA-00748	84703174
data/metrics/CGND-HRA-00749	102561084
data/metrics/CGND-HRA-01301	80892140
data/metrics/CGND-HRA-01346	92051716
data/metrics/CGND-HRA-01347	90525914
data/metrics/CGND-HRA-01663	97459186
data/metrics/CGND-HRA-01664	78612474
data/metrics/CGND-HRA-01665	67274852
data/metrics/CGND-HRA-01666	77915542
data/metrics/CGND-HRA-01667	88806102
data/metrics/CGND-HRA-01668	77763258
data/metrics/CGND-HRA-01669	88791456
data/metrics/CGND-HRA-01670	81244924
data/metrics/CGND-HRA-01671	75998146
data/metrics/CGND-HRA-01672	81650490
data/metrics/CGND-HRA-01673	78862916
data/metrics/CGND-HRA-01674	83751378
data/metrics/CGND-HRA-01675	92992482
data/metrics/CGND-HRA-01676	78224580
data/metrics/CGND-HRA-01678	76938816
data/metrics/CGND-HRA-01679	82867996
data/metrics/CGND-HRA-01680	88533060
data/metrics/CGND-HRA-01681	75054790
data/metrics/CGND-HRA-01682	93593224
data/metrics/CGND-HRA-01683	74174666
data/metrics/CGND-HRA-01684	96904838
data/metrics/CGND-HRA-01685	76978370
data/metrics/CGND-HRA-01686	93830322
data/metrics/CGND-HRA-01687	76227030
data/metrics/CGND-HRA-01688	75967294
data/metrics/CGND-HRA-01689	92346304
data/metrics/CGND-HRA-01690	90987802
data/metrics/CGND-HRA-01691	83289966
data/metrics/CGND-HRA-01692	84664810
data/metrics/CGND-HRA-01693	79296572
data/metrics/CGND-HRA-01694	83945780
data/metrics/CGND-HRA-01695	81586216
data/metrics/CGND-HRA-01696	80574936
data/metrics/CGND-HRA-01697	91321494
data/metrics/CGND-HRA-01698	73756400
data/metrics/CGND-HRA-01699	88559878
data/metrics/CGND-HRA-01700	84095850
data/metrics/CGND-HRA-01701	95509650
data/metrics/CGND-HRA-01702	78700462
data/metrics/CGND-HRA-01703	89602594
data/metrics/CGND-HRA-01704	86924530
data/metrics/CGND-HRA-01705	86742040
data/metrics/CGND-HRA-01706	87600216
data/metrics/CGND-HRA-01707	94675894
data/metrics/CGND-HRA-01708	87522498
data/metrics/CGND-HRA-01709	91548772
data/metrics/CGND-HRA-01710	78912334
data/metrics/CGND-HRA-01711	70979174
data/metrics/CGND-HRA-01712	68502266
data/metrics/CGND-HRA-01713	89660690
data/metrics/CGND-HRA-01714	74661326
data/metrics/CGND-HRA-01715	78578314
data/metrics/CGND-HRA-01716	73660550
data/metrics/CGND-HRA-01717	80847286
data/metrics/CGND-HRA-01718	86212310
data/metrics/CGND-HRA-01719	81384710
data/metrics/CGND-HRA-01720	96189906
data/metrics/CGND-HRA-01721	87331378
data/metrics/CGND-HRA-01722	73594338
data/metrics/CGND-HRA-01723	88976372
data/metrics/CGND-HRA-01724	82616264
data/metrics/CGND-HRA-01725	75305534
data/metrics/CGND-HRA-01726	83811532
data/metrics/CGND-HRA-01727	74343348
data/metrics/CGND-HRA-01728	96700530
data/metrics/CGND-HRA-01729	75919056
data/metrics/CGND-HRA-01730	76158864
data/metrics/CGND-HRA-01731	82211994
data/metrics/CGND-HRA-01732	93657188
data/metrics/CGND-HRA-01733	76226682
data/metrics/CGND-HRA-01734	104103772
data/metrics/CGND-HRA-01735	94169356
data/metrics/CGND-HRA-01736	81788452
data/metrics/CGND-HRA-01737	96908786
data/metrics/CGND-HRA-01738	90061300
data/metrics/CGND-HRA-01739	90440722
data/metrics/CGND-HRA-01740	84192274
data/metrics/CGND-HRA-01741	84527522
data/metrics/CGND-HRA-01742	84372504
data/metrics/CGND-HRA-01743	77014334
data/metrics/CGND-HRA-01744	71629910
data/metrics/CGND-HRA-01746	85810160
data/metrics/CGND-HRA-01747	84826090
data/metrics/CGND-HRA-01748	81059426
data/metrics/CGND-HRA-01749	84107650
data/metrics/CGND-HRA-01750	90213818
data/metrics/CGND-HRA-01751	77179462
data/metrics/CGND-HRA-01752	79806690
data/metrics/CGND-HRA-01753	73903648
data/metrics/CGND-HRA-01754	77406556
data/metrics/CGND-HRA-01755	74643240
data/metrics/CGND-HRA-01756	87783698
data/metrics/CGND-HRA-01757	69678160
data/metrics/CGND-HRA-01758	58272964
data/metrics/CGND-HRA-01759	81674824
data/metrics/CGND-HRA-01760	60327386
data/metrics/CGND-HRA-01761	53265144
data/metrics/CGND-HRA-01762	66196726
data/metrics/CGND-HRA-01763	66809532
data/metrics/CGND-HRA-01764	62043620
data/metrics/CGND-HRA-01765	65990072
data/metrics/CGND-HRA-01766	62607648
data/metrics/CGND-HRA-01769	112320216
data/metrics/CGND-HRA-01770	59535936
data/metrics/CGND-HRA-01771	67629362
data/metrics/CGND-HRA-01772	58768890
data/metrics/CGND-HRA-01773	71334482
data/metrics/CGND-HRA-01774	64822706
data/metrics/CGND-HRA-01775	55740136
data/metrics/CGND-HRA-01776	62122848
data/metrics/CGND-HRA-01777	86175058
data/metrics/CGND-HRA-01778	96434708
data/metrics/CGND-HRA-01779	61316706
data/metrics/CGND-HRA-01780	57258536
data/metrics/CGND-HRA-01781	96751136
data/metrics/CGND-HRA-01782	58826230
data/metrics/CGND-HRA-01783	68921288
data/metrics/CGND-HRA-01784	59452810
data/metrics/CGND-HRA-01785	56058854
data/metrics/CGND-HRA-01786	66354130
data/metrics/CGND-HRA-01787	103986756
data/metrics/CGND-HRA-01788	64543956
data/metrics/CGND-HRA-01789	69337494
data/metrics/CGND-HRA-01790	65172062
data/metrics/CGND-HRA-01800	65043708
data/metrics/CGND-HRA-01801	66365290
data/metrics/CGND-HRA-01802	58293284
data/metrics/CGND-HRA-01803	80819696
data/metrics/CGND-HRA-01804	56341588
data/metrics/CGND-HRA-01805	63452006
data/metrics/CGND-HRA-01806	63584804
data/metrics/CGND-HRA-01807	106171868
data/metrics/CGND-HRA-01808	58652426
data/metrics/CGND-HRA-01809	71030610
data/metrics/CGND-HRA-01923	57127366
data/metrics/CGND-HRA-01924	76361330
data/metrics/CGND-HRA-01925	57868976
data/metrics/CGND-HRA-01926	67952610
data/metrics/CGND-HRA-01928	60864220
data/metrics/CGND-HRA-01929	76552298
data/metrics/CGND-HRA-01931	31444314
data/metrics/CGND-HRA-01932	70706348
data/metrics/CGND-HRA-01933	61518516
data/metrics/CGND-HRA-01987	73156260
data/metrics/CGND-HRA-01988	56352962
data/metrics/CGND-HRA-01989	131008130
data/metrics/CGND-HRA-01990	97442644
data/metrics/CGND-HRA-01991	95069798
data/metrics/CGND-HRA-01992	56865496
data/metrics/CGND-HRA-01993	59111794
data/metrics/CGND-HRA-01996	64978186
data/metrics/CGND-HRA-01997	68766266
data/metrics/CGND-HRA-01998	59930442
data/metrics/CGND-HRA-01999	66629634
data/metrics/CGND-HRA-02000	62833506
data/metrics/CGND-HRA-02001	74207382
data/metrics/CGND-HRA-02003	91572264
data/metrics/CGND-HRA-02005	64061896
data/metrics/CGND-HRA-02006	68525438
data/metrics/CGND-HRA-02007	70128304
data/metrics/CGND-HRA-02008	58086354
data/metrics/CGND-HRA-02009	56644244
data/metrics/CGND-HRA-02010	64100832
data/metrics/CGND-HRA-02012	104088086
data/metrics/CGND-HRA-02016	57441674
data/metrics/CGND-HRA-02017	74118900
data/metrics/CGND-HRA-02018	66820544
data/metrics/CGND-HRA-02022	63480504
data/metrics/CGND-HRA-02023	58299268
data/metrics/CGND-HRA-02024	60849800
data/metrics/CGND-HRA-02025	71784156
data/metrics/CGND-HRA-02026	58634118
data/metrics/CGND-HRA-02040	58865428
data/metrics/CGND-HRA-02041	69281526
data/metrics/CGND-HRA-02042	70105564
data/metrics/CGND-HRA-02058	75276868
data/metrics/CGND-HRA-02075	65813108
data/metrics/CGND-HRA-01791	100125054
data/metrics/CGND-HRA-01792	70250038
data/metrics/CGND-HRA-01793	97313042
data/metrics/CGND-HRA-01794	88703328
data/metrics/CGND-HRA-01795	98994466
data/metrics/CGND-HRA-01796	80055334
data/metrics/CGND-HRA-01797	83588802
data/metrics/CGND-HRA-01798	102895030
data/metrics/CGND-HRA-01799	105268888
data/metrics/CGND-HRA-01810	90199642
data/metrics/CGND-HRA-01811	73504392
data/metrics/CGND-HRA-01812	74267154
data/metrics/CGND-HRA-01813	100107942
data/metrics/CGND-HRA-01814	87875576
data/metrics/CGND-HRA-01815	104500352
data/metrics/CGND-HRA-01816	44179164
data/metrics/CGND-HRA-01817	99876640
data/metrics/CGND-HRA-01818	77537062
data/metrics/CGND-HRA-01819	78604888
data/metrics/CGND-HRA-01820	93708852
data/metrics/CGND-HRA-01821	128939360
data/metrics/CGND-HRA-01822	80008846
data/metrics/CGND-HRA-01823	92685214
data/metrics/CGND-HRA-01824	81739402
data/metrics/CGND-HRA-01825	85242154
data/metrics/CGND-HRA-01826	106587982
data/metrics/CGND-HRA-01827	91633566
data/metrics/CGND-HRA-01828	79270694
data/metrics/CGND-HRA-01829	79500164
data/metrics/CGND-HRA-01830	76276770
data/metrics/CGND-HRA-01831	93367134
data/metrics/CGND-HRA-01832	90821334
data/metrics/CGND-HRA-01833	136332376
data/metrics/CGND-HRA-01834	74355074
data/metrics/CGND-HRA-01835	79428364
data/metrics/CGND-HRA-01836	80654490
data/metrics/CGND-HRA-01837	71374364
data/metrics/CGND-HRA-01838	93104054
data/metrics/CGND-HRA-01839	75843934
data/metrics/CGND-HRA-01848	73867704
data/metrics/CGND-HRA-01849	74246354
data/metrics/CGND-HRA-01850	102127126
data/metrics/CGND-HRA-01934	82514906
data/metrics/CGND-HRA-01935	120486682
data/metrics/CGND-HRA-01936	82483306
data/metrics/CGND-HRA-01937	100515800
data/metrics/CGND-HRA-01938	75054510
data/metrics/CGND-HRA-01939	74697768
data/metrics/CGND-HRA-01940	165779946
data/metrics/CGND-HRA-01942	89741204
data/metrics/CGND-HRA-01945	63965044
data/metrics/CGND-HRA-01948	83180700
data/metrics/CGND-HRA-01949	97091352
data/metrics/CGND-HRA-01950	96387604
data/metrics/CGND-HRA-01951	96003050
data/metrics/CGND-HRA-02019	82312032
data/metrics/CGND-HRA-02020	90308676
data/metrics/CGND-HRA-02021	158997500
data/metrics/CGND-HRA-02027	85525910
data/metrics/CGND-HRA-02028	81706468
data/metrics/CGND-HRA-02029	92430124
data/metrics/CGND-HRA-02030	74430226
data/metrics/CGND-HRA-02031	92885068
data/metrics/CGND-HRA-02032	84473380
data/metrics/CGND-HRA-02033	73738644
data/metrics/CGND-HRA-02036	91700152
data/metrics/CGND-HRA-02037	72768558
data/metrics/CGND-HRA-02038	73488444
data/metrics/CGND-HRA-02039	108511350
data/metrics/CGND-HRA-02044	101499670
data/metrics/CGND-HRA-02048	95995984
data/metrics/CGND-HRA-02059	109849668
data/metrics/CGND-HRA-02060	76054862
data/metrics/CGND-HRA-02063	56208376
data/metrics/CGND-HRA-02064	66939716
data/metrics/CGND-HRA-02066	86186390
data/metrics/CGND-HRA-02067	65955434
data/metrics/CGND-HRA-02068	80988556
data/metrics/CGND-HRA-02076	71668576
data/metrics/CGND-HRA-02090	77450688
data/metrics/CGND-HRA-02091	90815124
data/metrics/CGND-HRA-01840	117516420
data/metrics/CGND-HRA-01841	86098478
data/metrics/CGND-HRA-01842	73665038
data/metrics/CGND-HRA-01843	106141568
data/metrics/CGND-HRA-01844	101480784
data/metrics/CGND-HRA-01845	88243054
data/metrics/CGND-HRA-01846	92898684
data/metrics/CGND-HRA-01847	86235896
data/metrics/CGND-HRA-01851	81211358
data/metrics/CGND-HRA-01852	98555888
data/metrics/CGND-HRA-01853	95033148
data/metrics/CGND-HRA-01854	99975110
data/metrics/CGND-HRA-01855	102484690
data/metrics/CGND-HRA-01856	98959512
data/metrics/CGND-HRA-01857	86464650
data/metrics/CGND-HRA-01858	104670420
data/metrics/CGND-HRA-01859	98682164
data/metrics/CGND-HRA-01860	134909166
data/metrics/CGND-HRA-01861	97523708
data/metrics/CGND-HRA-01862	84160376
data/metrics/CGND-HRA-01863	132760774
data/metrics/CGND-HRA-01864	88533816
data/metrics/CGND-HRA-01865	121370954
data/metrics/CGND-HRA-01866	83952700
data/metrics/CGND-HRA-01867	86992410
data/metrics/CGND-HRA-01868	113193408
data/metrics/CGND-HRA-01869	86239266
data/metrics/CGND-HRA-01870	82772544
data/metrics/CGND-HRA-01871	91696822
data/metrics/CGND-HRA-01872	91271144
data/metrics/CGND-HRA-01873	99769520
data/metrics/CGND-HRA-01874	93751974
data/metrics/CGND-HRA-01875	90286076
data/metrics/CGND-HRA-01876	118673470
data/metrics/CGND-HRA-01877	82946738
data/metrics/CGND-HRA-01878	92008258
data/metrics/CGND-HRA-01879	97131544
data/metrics/CGND-HRA-01880	92224628
data/metrics/CGND-HRA-01881	89015460
data/metrics/CGND-HRA-01882	98312710
data/metrics/CGND-HRA-01883	93661332
data/metrics/CGND-HRA-01884	106418460
data/metrics/CGND-HRA-01943	84624726
data/metrics/CGND-HRA-01946	94068736
data/metrics/CGND-HRA-01947	69553976
data/metrics/CGND-HRA-01952	98310514
data/metrics/CGND-HRA-01953	99384324
data/metrics/CGND-HRA-01954	73720820
data/metrics/CGND-HRA-01955	76037774
data/metrics/CGND-HRA-01956	97477676
data/metrics/CGND-HRA-01959	106043918
data/metrics/CGND-HRA-01960	77682634
data/metrics/CGND-HRA-01961	86549454
data/metrics/CGND-HRA-01962	74709968
data/metrics/CGND-HRA-01966	90237168
data/metrics/CGND-HRA-02049	89037754
data/metrics/CGND-HRA-02051	115574098
data/metrics/CGND-HRA-02052	80364818
data/metrics/CGND-HRA-02054	84025384
data/metrics/CGND-HRA-02055	105225710
data/metrics/CGND-HRA-02056	98739336
data/metrics/CGND-HRA-02070	78243260
data/metrics/CGND-HRA-02071	95805594
data/metrics/CGND-HRA-02072	92748558
data/metrics/CGND-HRA-02073	108407208
data/metrics/CGND-HRA-02074	97449460
data/metrics/CGND-HRA-02077	83828346
data/metrics/CGND-HRA-02078	89583622
data/metrics/CGND-HRA-02081	96551698
data/metrics/CGND-HRA-02082	99221198
data/metrics/CGND-HRA-02084	92233154
data/metrics/CGND-HRA-02085	81451366
data/metrics/CGND-HRA-02093	104198396
data/metrics/CGND-HRA-02097	111310190
data/metrics/CGND-HRA-02100	103259336
data/metrics/CGND-HRA-02101	89688344
data/metrics/CGND-HRA-02102	110907376
data/metrics/CGND-HRA-02104	96291270
data/metrics/CGND-HRA-02105	112333330
data/metrics/CGND-HRA-02106	105054220
data/metrics/CGND-HRA-02117	95447598
data/metrics/CGND-HRA-02118	68832404
data/metrics/CGND-HRA-02119	113963818
data/metrics/CGND-HRA-02120	120177926
data/metrics/CGND-HRA-02121	82477140
data/metrics/CGND-HRA-01885	114713110
data/metrics/CGND-HRA-01886	101175670
data/metrics/CGND-HRA-01887	81727264
data/metrics/CGND-HRA-01888	130197466
data/metrics/CGND-HRA-01889	109804774
data/metrics/CGND-HRA-01890	75275254
data/metrics/CGND-HRA-01891	109313054
data/metrics/CGND-HRA-01892	104548376
data/metrics/CGND-HRA-01893	100652242
data/metrics/CGND-HRA-01894	121117892
data/metrics/CGND-HRA-01895	102954998
data/metrics/CGND-HRA-01896	110030072
data/metrics/CGND-HRA-01897	112508380
data/metrics/CGND-HRA-01898	135364312
data/metrics/CGND-HRA-01899	124591644
data/metrics/CGND-HRA-01900	110433766
data/metrics/CGND-HRA-01901	100047268
data/metrics/CGND-HRA-01902	95288064
data/metrics/CGND-HRA-01903	113513186
data/metrics/CGND-HRA-01904	102347476
data/metrics/CGND-HRA-01905	113948456
data/metrics/CGND-HRA-01906	93106698
data/metrics/CGND-HRA-01907	110845282
data/metrics/CGND-HRA-01908	90159140
data/metrics/CGND-HRA-01909	116037006
data/metrics/CGND-HRA-01910	74798616
data/metrics/CGND-HRA-01911	107186370
data/metrics/CGND-HRA-01912	85213252
data/metrics/CGND-HRA-01913	106092540
data/metrics/CGND-HRA-01914	122343004
data/metrics/CGND-HRA-01915	102239828
data/metrics/CGND-HRA-01916	117011736
data/metrics/CGND-HRA-01917	91944668
data/metrics/CGND-HRA-01918	93962194
data/metrics/CGND-HRA-01919	125717978
data/metrics/CGND-HRA-01920	91109432
data/metrics/CGND-HRA-01921	99893606
data/metrics/CGND-HRA-01922	98508518
data/metrics/CGND-HRA-01958	87383054
data/metrics/CGND-HRA-01963	115442654
data/metrics/CGND-HRA-01964	45579704
data/metrics/CGND-HRA-01965	99264554
data/metrics/CGND-HRA-01967	108673622
data/metrics/CGND-HRA-01968	84894018
data/metrics/CGND-HRA-01969	95544036
data/metrics/CGND-HRA-01970	98146100
data/metrics/CGND-HRA-01971	120939198
data/metrics/CGND-HRA-01972	72762260
data/metrics/CGND-HRA-01973	89166514
data/metrics/CGND-HRA-01974	116721160
data/metrics/CGND-HRA-02079	140480242
data/metrics/CGND-HRA-02080	111314440
data/metrics/CGND-HRA-02107	84222068
data/metrics/CGND-HRA-02108	100341000
data/metrics/CGND-HRA-02114	92558546
data/metrics/CGND-HRA-02116	98347770
data/metrics/CGND-HRA-02122	78094966
data/metrics/CGND-HRA-02123	91044628
data/metrics/CGND-HRA-02124	96064118
data/metrics/CGND-HRA-02127	101213106
data/metrics/CGND-HRA-02128	99036216
data/metrics/CGND-HRA-02132	79957426
data/metrics/CGND-HRA-02133	99287450
data/metrics/CGND-HRA-02134	98259998
data/metrics/CGND-HRA-02135	101921096
data/metrics/CGND-HRA-02136	105002240
data/metrics/CGND-HRA-02138	97895906
data/metrics/CGND-HRA-02140	79717960
data/metrics/CGND-HRA-02141	112086730
data/metrics/CGND-HRA-00732	63596228
data/metrics/CGND-HRA-00733	57455232
data/metrics/CGND-HRA-00734	92672978
data/metrics/CGND-HRA-00735	89975122
data/metrics/CGND-HRA-00750	80253294
data/metrics/CGND-HRA-01173	98356260
data/metrics/CGND-HRA-01174	92532672
data/metrics/CGND-HRA-01175	60608042
data/metrics/CGND-HRA-01176	86802140
data/metrics/CGND-HRA-01177	98767142
data/metrics/CGND-HRA-01180	106451838
data/metrics/CGND-HRA-01181	82769758
data/metrics/CGND-HRA-01182	80656284
data/metrics/CGND-HRA-01183	58097882
data/metrics/CGND-HRA-01272	52613380
data/metrics/CGND-HRA-01274	132884304
data/metrics/CGND-HRA-01278	77524728
data/metrics/CGND-HRA-01279	135271788
data/metrics/CGND-HRA-01280	64011536
data/metrics/CGND-HRA-01281	73500412
data/metrics/CGND-HRA-01282	79509884
data/metrics/CGND-HRA-01303	90151628
data/metrics/CGND-HRA-01304	80422250
data/metrics/CGND-HRA-01305	69592176
data/metrics/CGND-HRA-01306	86138072
data/metrics/CGND-HRA-01307	70937218
data/metrics/CGND-HRA-01308	89421694
data/metrics/CGND-HRA-01310	71729478
data/metrics/CGND-HRA-01311	104636424
data/metrics/CGND-HRA-01312	96508170
data/metrics/CGND-HRA-01313	88497036
data/metrics/CGND-HRA-01314	71865184
data/metrics/CGND-HRA-01315	96650916
data/metrics/CGND-HRA-01316	103351946
data/metrics/CGND-HRA-01317	150019552
data/metrics/CGND-HRA-01318	60071840
data/metrics/CGND-HRA-01319	75806532
data/metrics/CGND-HRA-01320	84885742
data/metrics/CGND-HRA-01321	70467000
data/metrics/CGND-HRA-01322	85693090
data/metrics/CGND-HRA-01324	117960646
data/metrics/CGND-HRA-01325	117336194
data/metrics/CGND-HRA-01374	78135312
data/metrics/CGND-HRA-01375	92072978
data/metrics/CGND-HRA-01376	82711684
data/metrics/CGND-HRA-01377	65615254
data/metrics/CGND-HRA-01380	123501908
data/metrics/CGND-HRA-01381	80667114
data/metrics/CGND-HRA-01382	97179604
data/metrics/CGND-HRA-01383	56279472
data/metrics/CGND-HRA-01385	65778242
data/metrics/CGND-HRA-01386	79069934
data/metrics/CGND-HRA-01387	126713212
data/metrics/CGND-HRA-01389	62933552
data/metrics/CGND-HRA-01390	78683048
data/metrics/CGND-HRA-01393	85215632
data/metrics/CGND-HRA-01403	72969894
data/metrics/CGND-HRA-01412	71060360
data/metrics/CGND-HRA-01418	64204982
data/metrics/CGND-HRA-01420	87442800
data/metrics/CGND-HRA-01421	96830612
data/metrics/CGND-HRA-01430	150310642
data/metrics/CGND-HRA-01433	68268542
data/metrics/CGND-HRA-01441	84061500
data/metrics/CGND-HRA-01442	62477016
data/metrics/CGND-HRA-01448	86499540
data/metrics/CGND-HRA-01450	213714716
data/metrics/CGND-HRA-01472	66594054
data/metrics/CGND-HRA-01615	85464700
data/metrics/CGND-HRA-01273	70354360
data/metrics/CGND-HRA-01309	74106872
data/metrics/CGND-HRA-01323	47687386
data/metrics/CGND-HRA-01326	60928344
data/metrics/CGND-HRA-01384	63875076
data/metrics/CGND-HRA-01388	52895640
data/metrics/CGND-HRA-01392	64680948
data/metrics/CGND-HRA-01394	70228084
data/metrics/CGND-HRA-01396	64136064
data/metrics/CGND-HRA-01397	61308046
data/metrics/CGND-HRA-01398	75221702
data/metrics/CGND-HRA-01399	63700424
data/metrics/CGND-HRA-01400	63146294
data/metrics/CGND-HRA-01401	58594678
data/metrics/CGND-HRA-01404	60416678
data/metrics/CGND-HRA-01405	56678300
data/metrics/CGND-HRA-01407	57818610
data/metrics/CGND-HRA-01408	88581756
data/metrics/CGND-HRA-01409	55545034
data/metrics/CGND-HRA-01413	71260184
data/metrics/CGND-HRA-01414	56196848
data/metrics/CGND-HRA-01415	54479902
data/metrics/CGND-HRA-01416	66407126
data/metrics/CGND-HRA-01417	60140182
data/metrics/CGND-HRA-01419	58034756
data/metrics/CGND-HRA-01422	62587730
data/metrics/CGND-HRA-01423	58596770
data/metrics/CGND-HRA-01424	60897680
data/metrics/CGND-HRA-01425	66436910
data/metrics/CGND-HRA-01426	69307614
data/metrics/CGND-HRA-01427	83798952
data/metrics/CGND-HRA-01428	57174994
data/metrics/CGND-HRA-01429	60315390
data/metrics/CGND-HRA-01431	56796202
data/metrics/CGND-HRA-01432	62182778
data/metrics/CGND-HRA-01437	59273948
data/metrics/CGND-HRA-01438	69489456
data/metrics/CGND-HRA-01439	62714012
data/metrics/CGND-HRA-01440	70727278
data/metrics/CGND-HRA-01443	67948860
data/metrics/CGND-HRA-01445	57923434
data/metrics/CGND-HRA-01446	73340422
data/metrics/CGND-HRA-01447	57025806
data/metrics/CGND-HRA-01451	59738898
data/metrics/CGND-HRA-01452	63327870
data/metrics/CGND-HRA-01453	83273346
data/metrics/CGND-HRA-01454	53130780
data/metrics/CGND-HRA-01456	62089494
data/metrics/CGND-HRA-01459	69557436
data/metrics/CGND-HRA-01461	63510014
data/metrics/CGND-HRA-01462	70843270
data/metrics/CGND-HRA-01464	58273074
data/metrics/CGND-HRA-01467	63881486
data/metrics/CGND-HRA-01468	60478680
data/metrics/CGND-HRA-01470	57046012
data/metrics/CGND-HRA-01474	61731172
data/metrics/CGND-HRA-01476	63556464
data/metrics/CGND-HRA-01479	54796228
data/metrics/CGND-HRA-01485	63567466
data/metrics/CGND-HRA-01497	78131366
data/metrics/CGND-HRA-01509	53206812
data/metrics/CGND-HRA-01515	58076530
data/metrics/CGND-HRA-01516	57052638
data/metrics/CGND-HRA-01521	78771346
data/metrics/CGND-HRA-01542	55302078
data/metrics/CGND-HRA-01543	58961908
data/metrics/CGND-HRA-01557	70382020
data/metrics/CGND-HRA-01621	66572368
data/metrics/CGND-HRA-02220	57766288
data/metrics/CGND-HRA-01410	71351874
data/metrics/CGND-HRA-01411	62495490
data/metrics/CGND-HRA-01449	57353828
data/metrics/CGND-HRA-01455	58988624
data/metrics/CGND-HRA-01457	69819408
data/metrics/CGND-HRA-01458	58755526
data/metrics/CGND-HRA-01463	62607286
data/metrics/CGND-HRA-01469	66375770
data/metrics/CGND-HRA-01471	64932642
data/metrics/CGND-HRA-01473	57523998
data/metrics/CGND-HRA-01475	66229436
data/metrics/CGND-HRA-01477	64742814
data/metrics/CGND-HRA-01478	55264062
data/metrics/CGND-HRA-01480	64401742
data/metrics/CGND-HRA-01481	64539334
data/metrics/CGND-HRA-01482	70937514
data/metrics/CGND-HRA-01483	53538326
data/metrics/CGND-HRA-01484	65589882
data/metrics/CGND-HRA-01487	54994614
data/metrics/CGND-HRA-01488	51393572
data/metrics/CGND-HRA-01489	54393394
data/metrics/CGND-HRA-01490	86266998
data/metrics/CGND-HRA-01491	63180158
data/metrics/CGND-HRA-01493	56336658
data/metrics/CGND-HRA-01494	73017038
data/metrics/CGND-HRA-01495	50642952
data/metrics/CGND-HRA-01496	55531550
data/metrics/CGND-HRA-01499	79044266
data/metrics/CGND-HRA-01500	68985482
data/metrics/CGND-HRA-01501	61588000
data/metrics/CGND-HRA-01502	61839498
data/metrics/CGND-HRA-01503	55331730
data/metrics/CGND-HRA-01504	63535652
data/metrics/CGND-HRA-01505	62104986
data/metrics/CGND-HRA-01506	61578586
data/metrics/CGND-HRA-01507	55694090
data/metrics/CGND-HRA-01508	81681614
data/metrics/CGND-HRA-01511	56914938
data/metrics/CGND-HRA-01512	64302424
data/metrics/CGND-HRA-01513	52612864
data/metrics/CGND-HRA-01514	61115356
data/metrics/CGND-HRA-01517	53007444
data/metrics/CGND-HRA-01518	60110436
data/metrics/CGND-HRA-01519	56535520
data/metrics/CGND-HRA-01520	63626554
data/metrics/CGND-HRA-01524	70563570
data/metrics/CGND-HRA-01525	52388998
data/metrics/CGND-HRA-01526	73672428
data/metrics/CGND-HRA-01527	53938284
data/metrics/CGND-HRA-01528	57947680
data/metrics/CGND-HRA-01530	61209816
data/metrics/CGND-HRA-01531	78298006
data/metrics/CGND-HRA-01532	53279294
data/metrics/CGND-HRA-01533	54761682
data/metrics/CGND-HRA-01534	53294948
data/metrics/CGND-HRA-01535	60391318
data/metrics/CGND-HRA-01536	70042062
data/metrics/CGND-HRA-01538	60405102
data/metrics/CGND-HRA-01539	71192392
data/metrics/CGND-HRA-01541	59462252
data/metrics/CGND-HRA-01544	55073982
data/metrics/CGND-HRA-01548	52869054
data/metrics/CGND-HRA-01549	60138386
data/metrics/CGND-HRA-01554	54872930
data/metrics/CGND-HRA-01555	57607028
data/metrics/CGND-HRA-01556	54799658
data/metrics/CGND-HRA-01560	71267788
data/metrics/CGND-HRA-01561	60545964
data/metrics/CGND-HRA-01562	59592654
data/metrics/CGND-HRA-01563	57408056
data/metrics/CGND-HRA-01564	68541376
data/metrics/CGND-HRA-01566	53803608
data/metrics/CGND-HRA-01572	53567344
data/metrics/CGND-HRA-01573	67136106
data/metrics/CGND-HRA-01578	60309812
data/metrics/CGND-HRA-01579	74649890
data/metrics/CGND-HRA-01581	54151942
data/metrics/CGND-HRA-01582	64377100
data/metrics/CGND-HRA-01584	58098966
data/metrics/CGND-HRA-01585	71849276
data/metrics/CGND-HRA-01590	64614060
data/metrics/CGND-HRA-01593	57397912
data/metrics/CGND-HRA-01596	81983982
data/metrics/CGND-HRA-01606	62446032
data/metrics/CGND-HRA-01607	56140406
data/metrics/CGND-HRA-01613	64869300
data/metrics/CGND-HRA-01614	68713366
data/metrics/CGND-HRA-01618	66173800
data/metrics/CGND-HRA-01624	60763346
data/metrics/CGND-HRA-02142	63024046
data/metrics/CGND-HRA-02181	62113766
data/metrics/CGND-HRA-01465	114876288
data/metrics/CGND-HRA-01466	81325872
data/metrics/CGND-HRA-01529	74137916
data/metrics/CGND-HRA-01537	84371452
data/metrics/CGND-HRA-01540	102356662
data/metrics/CGND-HRA-01546	94557276
data/metrics/CGND-HRA-01547	76122736
data/metrics/CGND-HRA-01551	95666490
data/metrics/CGND-HRA-01552	91985614
data/metrics/CGND-HRA-01553	87982236
data/metrics/CGND-HRA-01558	81861492
data/metrics/CGND-HRA-01559	102553934
data/metrics/CGND-HRA-01565	91611472
data/metrics/CGND-HRA-01568	101776836
data/metrics/CGND-HRA-01569	91580922
data/metrics/CGND-HRA-01570	80359720
data/metrics/CGND-HRA-01571	83274630
data/metrics/CGND-HRA-01574	91859286
data/metrics/CGND-HRA-01575	88111302
data/metrics/CGND-HRA-01576	97609456
data/metrics/CGND-HRA-01580	87824904
data/metrics/CGND-HRA-01586	96645766
data/metrics/CGND-HRA-01587	138393902
data/metrics/CGND-HRA-01588	87575546
data/metrics/CGND-HRA-01592	105391952
data/metrics/CGND-HRA-01594	73168502
data/metrics/CGND-HRA-01597	85296820
data/metrics/CGND-HRA-01598	108630818
data/metrics/CGND-HRA-01599	92053222
data/metrics/CGND-HRA-01600	102967846
data/metrics/CGND-HRA-01601	82814058
data/metrics/CGND-HRA-01602	86376170
data/metrics/CGND-HRA-01603	97725134
data/metrics/CGND-HRA-01608	100468052
data/metrics/CGND-HRA-01609	90044380
data/metrics/CGND-HRA-01610	113826250
data/metrics/CGND-HRA-01611	82131828
data/metrics/CGND-HRA-01612	86220654
data/metrics/CGND-HRA-01616	102370636
data/metrics/CGND-HRA-01617	80981272
data/metrics/CGND-HRA-01619	85868076
data/metrics/CGND-HRA-01620	74401668
data/metrics/CGND-HRA-01622	86203868
data/metrics/CGND-HRA-01623	75312792
data/metrics/CGND-HRA-01625	86280780
data/metrics/CGND-HRA-01626	80209276
data/metrics/CGND-HRA-01627	98297258
data/metrics/CGND-HRA-01628	68068568
data/metrics/CGND-HRA-01629	95749030
data/metrics/CGND-HRA-01630	81772506
data/metrics/CGND-HRA-01631	75898950
data/metrics/CGND-HRA-01632	76019262
data/metrics/CGND-HRA-01633	101992678
data/metrics/CGND-HRA-01635	73660866
data/metrics/CGND-HRA-01636	79126976
data/metrics/CGND-HRA-01637	73585162
data/metrics/CGND-HRA-01638	73751534
data/metrics/CGND-HRA-01639	96092780
data/metrics/CGND-HRA-01640	80342466
data/metrics/CGND-HRA-01641	89359048
data/metrics/CGND-HRA-01642	86997300
data/metrics/CGND-HRA-01643	75111412
data/metrics/CGND-HRA-01644	79397860
data/metrics/CGND-HRA-01646	81161116
data/metrics/CGND-HRA-01647	70397256
data/metrics/CGND-HRA-01648	82364702
data/metrics/CGND-HRA-01649	69679238
data/metrics/CGND-HRA-01650	94262778
data/metrics/CGND-HRA-01657	81776040
data/metrics/CGND-HRA-01658	78368034
data/metrics/CGND-HRA-01659	78665816
data/metrics/CGND-HRA-01660	79600632
data/metrics/CGND-HRA-01661	74024266
data/metrics/CGND-HRA-01662	73969748
data/metrics/CGND-HRA-01976	194310476
data/metrics/CGND-HRA-01978	77619734
data/metrics/CGND-HRA-01981	95747192
data/metrics/CGND-HRA-01982	87250718
data/metrics/CGND-HRA-01983	93048154
data/metrics/CGND-HRA-01984	80203266
data/metrics/CGND-HRA-01985	92587272
data/metrics/CGND-HRA-01986	98782858
data/metrics/CGND-HRA-02148	75465170
data/metrics/CGND-HRA-02156	76369176
data/metrics/CGND-HRA-02157	126292820
data/metrics/CGND-HRA-02160	81970114
data/metrics/CGND-HRA-02161	74401644
data/metrics/CGND-HRA-02163	79351830
data/metrics/CGND-HRA-02167	82939962
data/metrics/CGND-HRA-02168	87024876
data/metrics/CGND-HRA-02179	85623834
